,주소,위도,경도,전화번호,재학생 수,남학생 수,여학생 수,홈페이지,계열
울산에너지고등학교,울산광역시 북구 화동2길 28,35.5900355976062,129.369720889131,052-288-8256,355명,239명,116명,http://www.usenergy.hs.kr/,공업계 
화암고등학교,울산광역시 동구 화암7길 55,35.4769809986144,129.409584986067,052-230-3710,417명,210명,207명,http://hwaam.hs.kr,일반계 
울산기술공업고등학교,울산광역시 울주군 온산읍 덕망로 54,35.4388907889997,129.308023112149,052-237-4000,496명,435명,61명,http://www.ue.hs.kr,공업계  | 상업계 
울산광역시우신고등학교,울산광역시 남구 대학로1번길 29,35.5382562103933,129.249962318155,052-277-4901,460명,182명,278명,http://www.woo-shin.hs.kr,일반계 
호계고등학교,울산광역시 북구 동대11길 31,35.6305407724359,129.355371397941,052-219-0600,827명,373명,454명,http://hogye.hs.kr,일반계 
울산제일고등학교,울산광역시 남구 남부순환도로 107,35.5425894389968,129.268156812102,052-277-3176,423명,423명,0명,http://www.ulsanjeil.hs.kr,일반계 
울산광역시강동고등학교,울산광역시 북구 화암4길 8,35.6327591496505,129.435201979743,052-901-7010,188명,90명,98명,http://gang-dong.hs.kr,일반계 
효정고등학교,울산광역시 북구 율동2길 41,35.5636664968435,129.374996625386,052-288-6922,431명,220명,211명,http://www.hyojung.hs.kr,일반계 
울산광역시삼산고등학교,울산광역시 남구 돋질로339번길 13,35.5453242005188,129.340856547773,052-271-9939,615명,309명,306명,http://ussamsan.hs.kr,일반계 
천상고등학교,울산광역시 울주군 범서읍 당앞로 96,35.5656463735796,129.222112145286,052-998-8600,942명,457명,485명,http://cheonsang.hs.kr,일반계 
화봉고등학교,울산광역시 북구 화동로 47,35.5952995328702,129.370021405871,052-283-3511,592명,286명,306명,http://www.hwabong.hs.kr,일반계 
태연학교,울산광역시 북구 대안4길 60,35.6580522436525,129.419502533818,052-298-3703,135명,0명,0명,http://www.taeyoun.sc.kr,일반계 
울산외국어고등학교,울산광역시 북구 중산동로 32-46,35.6588158203046,129.354504376611,052-711-7101,406명,114명,292명,http://www.ufl.hs.kr,외국어계 
울산스포츠과학고등학교,울산광역시 북구 산음3길 16,35.6237505884655,129.431301377001,052-716-5010,192명,124명,68명,http://www.ussmh.hs.kr,체육계 
현대청운고등학교,울산광역시 동구 방어진순환도로 1077,35.5365585370624,129.428097414253,052-230-7700,533명,262명,271명,https://school.use.go.kr/hcu-h,일반계 
남창고등학교,울산광역시 울주군 온양읍 태화7길 43-16,35.4147781182275,129.277212613147,052-238-3412,862명,438명,424명,http://namchang.hs.kr,일반계 
학성여자고등학교,울산광역시 중구 화합로 466,35.5666323527702,129.334944631328,052-293-4828,457명,0명,457명,http://www.hakseong-g.hs.kr,일반계 
대현고등학교,울산광역시 남구 수암로 164,35.5261401471467,129.324338927099,052-271-8954,586명,586명,0명,http://daehyun.hs.kr,일반계 
매곡고등학교,울산광역시 북구 매산로 45,35.6448139451953,129.359528696398,052-290-5910,722명,331명,391명,http://www.maegok.hs.kr,일반계 
현대공업고등학교,울산광역시 동구 미포로 122,35.5386683700673,129.430888661807,052-250-0300,340명,332명,8명,http://hit.hs.kr,공업계 공업계 
성광여자고등학교,울산광역시 남구 남부순환도로 97,35.5431457378798,129.265848882847,052-277-3171,478명,0명,478명,http://sungkwang.hs.kr/,일반계 
울산스포츠과학중학교,울산광역시 북구 산음3길 16,35.6237505884655,129.431301377001,052-716-5010,66명,35명,31명,http://www.ussmh.hs.kr,체육계 
울산광역시문현고등학교,울산광역시 동구 화잠7길 25,35.4823956491806,129.409180439085,052-201-6901,511명,248명,263명,http://www.mun-hyun.hs.kr,일반계 
메아리학교,울산광역시 북구 갓안1길 8,35.6659346141477,129.340380009015,052-295-2696,98명,0명,0명,http://www.meary.sc.kr,일반계 
울산강남고등학교,울산광역시 남구 팔등로 115,35.5469980885806,129.318734685227,052-279-2508,565명,263명,302명,http://ugn.hs.kr,일반계 
울산여자상업고등학교,울산광역시 남구 두왕로 304,35.5290341630246,129.309887318337,052-257-2301,681명,0명,681명,http://www.ulsangch.hs.kr,상업계 
삼일여자고등학교,울산광역시 남구 두왕로190번길 59,35.5159310449165,129.316772024197,052-271-6889,142명,0명,142명,http://www.samil-us.hs.kr,일반계 
다전초등학교,울산광역시 중구 다운로 176,35.5677222635748,129.268247899057,052-710-5773,234명,109명,125명,http://www.dajeon.es.kr,일반계 
울산산업고등학교,울산광역시 울주군 삼남면 반구대로 675,35.5533400362632,129.115435376813,052-262-0171,446명,212명,234명,http://www.usup.hs.kr,가사실업계  | 농생명계  | 농생명산업계열  | 상업계  | 상업정보계열 
온산고등학교,울산광역시 울주군 온산읍 명봉거남로 76,35.4390149028479,129.317936220991,052-716-4050,284명,155명,129명,http://onsan.hs.kr,일반계 
방어진고등학교,울산광역시 동구 학문로 50,35.5046206933814,129.422991399889,052-230-3100,494명,243명,251명,http://www.bangeojin.hs.kr,일반계 
남목고등학교,울산광역시 동구 방어진순환도로 1200,35.5380104249407,129.41875170715,052-965-7009,543명,258명,285명,http://nammok.hs.kr,일반계 
울산고등학교,울산광역시 중구 도화골15길 15,35.5631311399989,129.330918013307,052-297-7701,565명,565명,0명,http://www.ulsan-hs.hs.kr,일반계 
울산애니원고등학교,울산광역시 중구 성안11길 21,35.578717578477,129.321113348039,052-248-4030,282명,74명,208명,http://www.anione.hs.kr,공업계 
울산여자고등학교,울산광역시 남구 삼산로9번길 16,35.5355867023923,129.309595821797,052-258-4231,694명,0명,694명,http://ulsan-gh.hs.kr,일반계 
언양고등학교,울산광역시 울주군 언양읍 언양로 53,35.5617692592426,129.132019190307,052-263-2022,454명,218명,236명,http://www.eonyang.hs.kr/,농업계  | 일반계 
울산상업고등학교,울산광역시 울주군 범서읍 장검길 11,35.5569348384041,129.256036318275,052-277-1812,439명,439명,0명,http://www.ulsan.hs.kr/,상업계 
함월고등학교,울산광역시 중구 종가3길 25,35.5614464511021,129.297090725078,052-210-6610,572명,276명,296명,http://hamwol.hs.kr,일반계 
신선여자고등학교,울산광역시 남구 수암로178번길 14,35.5250618516762,129.325945722297,052-256-9893,593명,0명,593명,http://shinsun.hs.kr,일반계 
울산고운중학교,울산광역시 울주군 두서면 구량차리로 16,35.6176178085562,129.147411066504,2632190,34명,16명,18명,http://ulsangoun.sc.kr,일반계 
무거중학교,울산광역시 남구 대학로1번길 17-18,35.5376327614573,129.251588269384,052-710-5300,374명,197명,177명,http://www.mugeo.ms.kr,일반계 
무거고등학교,울산광역시 남구 대학로1번길 17-28,35.5362547813264,129.250418684678,052-277-9123,492명,214명,278명,http://www.mugeo.hs.kr,일반계 
무룡고등학교,울산광역시 북구 사청1길 30,35.5866509285564,129.361612671257,052-920-3300,484명,226명,258명,http://muryong.hs.kr,일반계 
울산생활과학고등학교,울산광역시 동구 학문로 70,35.5042368075827,129.421010743389,052-235-9661,551명,256명,295명,http://www.uvhe.hs.kr,가사계  | 가사실업계 
울산미용예술고등학교,울산광역시 울주군 웅촌면 학교길 26,35.4655247258188,129.204700800626,052-225-0005,282명,94명,188명,http://uba.hs.kr,가사실업계  | 상업계 
다운고등학교,울산광역시 중구 다운로 180,35.5664888229178,129.27060962803,052-710-5400,411명,137명,274명,http://www.daun.hs.kr/,일반계 
울산광역시현대고등학교,울산광역시 동구 봉수로 455,35.5252196071778,129.421668599861,052-936-7800,564명,284명,280명,http://www.hdhs.or.kr/,일반계 
약사고등학교,울산광역시 중구 종가로 560,35.5735453599089,129.335998411313,052-290-5800,599명,340명,259명,http://www.yaksa.hs.kr,일반계 
문수고등학교,울산광역시 남구 울밀로 2905,35.5556501240198,129.265401028062,052-277-0041,493명,225명,268명,http://munsu.hs.kr,일반계 
울산동천고등학교,울산광역시 북구 고래로 54,35.6327798821215,129.338851290874,052-286-3191,727명,344명,383명,http://www.usdc.hs.kr,일반계 
학성고등학교부설방송통신고등학교,울산광역시 남구 문수로 436,35.5316043971898,129.300352883488,052-257-2077,226명,36명,190명,http://www.cyber.hs.kr,일반계 
달천중학교,울산광역시 북구 가재길 51,35.6310362217405,129.330540657799,052-710-4900,698명,346명,352명,http://dalchun.ms.kr,일반계 
울산예술고등학교,울산광역시 울주군 웅촌면 웅촌로 621-6,35.4818641003249,129.216273775095,052-221-6266,240명,67명,173명,http://ulsanart.hs.kr,예술계 
울산광역시화봉초등학교,울산광역시 북구 화산로 42,35.5958065065163,129.367535771873,052-965-3014,641명,340명,301명,http://www.us-hwabong.es.kr/index.jsp,일반계 
울산중앙여자고등학교,울산광역시 중구 내황2길 33,35.5545846142063,129.344175848574,052-293-1697,394명,0명,394명,http://nanwon.hs.kr/,일반계 
울산중앙고등학교,울산광역시 중구 난곡로 33,35.556094743725,129.284449574972,052-247-0892,376명,376명,0명,http://usja.hs.kr,일반계 
대송고등학교,울산광역시 동구 봉수로 210,35.5056934339129,129.419345385928,052-236-2920,635명,340명,295명,http://www.daesong.hs.kr,일반계 
장검중학교,울산광역시 울주군 범서읍 장검1길 4,35.5543765274253,129.253964846512,0522259339,523명,258명,265명,http://janggeom.ms.kr,일반계 
성신고등학교,울산광역시 중구 성신고교길 26,35.562706564575,129.327841530492,052-298-0882,574명,301명,273명,http://sungshin-us.hs.kr,일반계 
상안중학교,울산광역시 북구 양지길 5,35.6278361742472,129.329924829964,052-291-0797,536명,276명,260명,http://www.sangan.ms.kr,일반계 
학성고등학교,울산광역시 남구 문수로 436,35.5316043971898,129.300352883488,052-257-2077,722명,722명,0명,http://www.haksung.hs.kr,일반계 
울산경의고등학교,울산광역시 울주군 상북면 상북로 248,35.5885203178571,129.093274779935,052-226-6113,432명,221명,211명,http://gyeongui.hs.kr,일반계 
신정고등학교,울산광역시 남구 문수로 458,35.5329382489622,129.301990581426,052-258-1801,720명,720명,0명,http://www.shinjung-us.hs.kr/,일반계 
울산공업고등학교,울산광역시 남구 중앙로204번길 49,35.5418292500329,129.315973881492,052-261-4051,1006명,964명,42명,http://ust.hs.kr,공동실습소  | 공업계 
달천고등학교,울산광역시 북구 달천철장길 23,35.6318782968714,129.32875472954,052-707-7011,755명,385명,370명,http://dalcheon.hs.kr,일반계 
울산마이스터고등학교,울산광역시 북구 율동6길 7,35.5607573423515,129.37817804849,052-702-2002,345명,345명,0명,http://www.ulsanmeister.hs.kr,공업계 
